,Chan Vese,Otsu,K-Means
0,0.9627174073296371,0.9727072183555174,0.9717212679849534
