epoch,accuracy,loss,lr,precision,recall,sensitivity,specificity,val_accuracy,val_loss,val_precision,val_recall,val_sensitivity,val_specificity
0,0.7777777910232544,0.6202518343925476,1e-04,0.7777777910232544,0.7777777910232544,0.7777777314186096,0.8888888955116272,1.0,0.007015756797045469,1.0,1.0,0.9999999403953552,1.0
1,0.9259259104728699,0.1298236846923828,1e-04,0.9345794320106506,0.9259259104728699,0.9259258508682251,0.9675925970077515,1.0,0.0005055348738096654,1.0,1.0,0.9999999403953552,1.0
